feature,importance
hour,0.6255224533835856
hour_cos,0.07231771317794997
hour_sin,0.04576837573815859
temp,0.04172285239825407
year,0.03222209246008419
workingday_0,0.02107671325408809
weekofyear,0.02085695890264674
workingday_1,0.017882061683802308
month,0.01747109390970947
humidity,0.015402794362785806
atemp,0.013096608014534224
weekday,0.0112153639473753
weather_3,0.009219163115243055
weekday_sin,0.009051854045550124
peak_hour,0.008405037591980661
windspeed,0.0064058627223732055
day,0.0061670344710325
is_weekend,0.005610774709492756
rush_hour,0.004408310656629552
season_1,0.004029093461084643
month_sin,0.003474376210808065
weekday_cos,0.0030302911061574644
month_cos,0.001681558233048494
weather_1,0.0008839804350875713
season_4,0.0008631213189623102
weather_2,0.0006054190463305225
holiday_1,0.0005292608318707582
holiday_0,0.0005199243798892939
season_3,0.00028386259824132016
season_2,0.00026842800707934067
weather_4,7.565826164148538e-06
