model,cv_rmse_log_mean,cv_rmse_log_std,MAE,MSE,RMSE,R2
Tuned Random Forest,,,23.674561331270834,1528.9821177439317,39.10220093222288,0.953676944627764
Random Forest Regression,0.3062591760752962,0.009374730040220873,23.67456133127084,1528.9821177439323,39.102200932222885,0.953676944627764
Tuned Gradient Boosting,,,24.3324596532123,1589.49490405232,39.868470049054054,0.9518436091568248
Decision Tree Regression,0.4357630658526362,0.004940880822835898,34.25932140378062,3309.893410342742,57.531673105714056,0.8997212760409902
Gradient Boosting Regression,0.38099740288657236,0.009241612023963024,38.74177256806691,3578.916745692171,59.8240482222005,0.8915707668131888
Polynomial Regression,0.4759799364786545,0.009643784664558064,44.76135530534929,5118.837481767972,71.54605147573116,0.8449163078118307
Lasso Regression,0.7264624464832228,0.00964194083993746,73.91418520129955,13390.184312856125,115.71596394990678,0.5943221034631081
Elastic Net,0.7263971820766733,0.0097287984931701,73.99569344731138,13420.912518977979,115.84866213719509,0.5933911413693378
Ridge Regression,0.7264286304797632,0.009854727029080489,74.13868353481753,13479.99202824238,116.1033678591727,0.5916012294094403
Linear Regression,0.7264328904519657,0.009860776576091176,74.1466902591772,13483.566656872848,116.11876100300437,0.5914929300918337
